{"f":"raf","v":"1.0","rdr":[{"c":"Anaheim Password Monitor","u":"Consent Save Password"}],"ad":{"TITLE_SAVE":"Save your password","TITLE_UPDATE":"Save your password","TITLE_SAVED_PASSWORD":"Save your password","TITLE_NO_SAVED_PASSWORD":"Save your password","MAIN_DESCRIPTION":"Microsoft Edge can save and fill your password for this site next time","MAIN_DESCRIPTION_UPDATE":"Microsoft Edge can save and fill your password for this site next time","CONSENT_DESCRIPTION":"Let Microsoft Edge check passwords you’ve saved in the browser and alert you if they’ve been compromised on the internet.","CONSENT_ICON":"","CONSENT_TEXT":"Learn more","MAIN_CTA":"OK","SECONDARY_CTA":"Never","SAVE_UPDATE_VIEW_ID":"13"},"tracking":{"baseUri":"https://ris.api.iris.microsoft.com/v1/a/{ACTION}?PG=IRIS000001.0000000360&UNID=88000360&CID=128000000003081789&PID=425775005&TargetID=700421790&REQASID=&ASID=3212E9430A1E4E39A81F553E39618180&REQT=20240223T044310&UIT=E-&ID=-6926658363340494177&region=IN&SLOT=&RV=&RS=&ER_AC=&EDGEID=-6926658363340494177&DS_EVTID=3212E9430A1E4E39A81F553E39618180&WFIDS=&DEVOSVER=10.0.19045.3324&APP=&ARCRAS=&CLR=ESDK&lang=&oem=&devFam=&ossku=&cmdVer=&mo=&cap=&bSrc=i.m"},"prm":{"_id":"128000000003081789","_imp":"https://arc.msn.com/v3/Delivery/Events/Impression?PID=425775005&TID=700421790&CID=128000000003081789&BID=1906242512&PG=IRIS000001.0000000360&TPID=425775005&REQASID=&ASID=3212E9430A1E4E39A81F553E39618180&SLOT=&REQT=20240223T044310&MA_Score=2&EDGEID=-6926658363340494177&DS_EVTID=3212E9430A1E4E39A81F553E39618180&PG=IRIS000001.0000000360&UNID=88000360&MAP_TID=1F658A65-5037-4427-9B23-AA46536B01BD&NCT=1&ASID=3212E9430A1E4E39A81F553E39618180&ARC=1&EMS=1&LOCALE=EN-US&COUNTRY=IN&HTD=-1&LANG=1033&DEVLANG=EN&CIP=203.92.61.72&OPTOUTSTATE=16384&HTTPS=1&DEVOSVER=10.0.19045.3324&DEVOSMAJ=10&DEVOSMIN=0&DEVOSBLD=19045&DEVOSMINBLD=3324&ABUILD=121.0.6167.184&AMAJOR=121&AMINOR=0&ABLD=6167&APATCH=184&MARKETBASEDCOUNTRY=IN&CLR=ESDK&CFMT=&H=0&W=0&FESVER=1.3&ISU=0&AREF=0&ADEFAB=13&OPSYS=WIN10&ACHANNEL=4&UITHEME=LIGHT&CHNL=CFD&ID=-6926658363340494177&UIT=E"}}