{"actions":[{"$type":"cache","key":{"uri":"jpetstore.aspectran.com/catalog/searchproducts?keyword=fish","inheritance":"none"},"maxAge":100800000000,"serverContext":"1;f94c025f-7523-6972-b613-ce2c246c55ce;UNKN:100;0.01","responseCategory":"Allowed","result":{"$type":"evaluate"}}],"serverContext":"1;f94c025f-7523-6972-b613-ce2c246c55ce;UNKN:100;0.01","result":{"$type":"evaluate","responseCategory":"Allowed","serverContext":"1;f94c025f-7523-6972-b613-ce2c246c55ce;UNKN:100;0.01","feedbackUrl":"https://feedback.smartscreen.microsoft.com/feedback.aspx?v=6&t=12553&result=none&type=top&ur=UNKN%3A100&osVer=10.0.19045.3324.vb_release&ieVer=9.11.19041.0&prodGuid=41a438bc-1249-43d3-a26d-69cd62c08317&locale=en-US&fv=281483718098944&dv=638004170464094982&url=aHR0cHM6Ly9qcGV0c3RvcmUuYXNwZWN0cmFuLmNvbS9jYXRhbG9nL3NlYXJjaFByb2R1Y3RzP2tleXdvcmQ9RmlzaA%3D%3D&refUrl=aHR0cHM6Ly9qcGV0c3RvcmUuYXNwZWN0cmFuLmNvbS9jYXRhbG9nLw%3D%3D&hostIp=104.21.27.101&corrId=1d8bc3a9-026e-4359-ba07-767552f5fa7c"}}