{"assignmentContext":"sWfnq5vW+vjFk8xwNytv38k3w835K5faxwLKNDl6tNU=","rawAssignmentContext":"d-thshldspcl40:-1;d-thshld78:-1;cert3cf:-1;bingbrand:-1;d-thshld42:-1;0c4e4153:30970821;edmark:30811493;h8hb1407:30955948;udscfb:30923304;udscopilotpro:30933267;respuxcf:30960540;","dataVersion":54201063,"variants":[{"variantName":"0c4e4153","treatmentVariables":{"edgeServerUX.composeflux":false}},{"variantName":"edmark","treatmentVariables":{"edgeServerUX.Edhighcitex":true}},{"variantName":"h8hb1407","treatmentVariables":{"edgeServerUX.extensions.msBingCwsSingleClickInstall":true}}]}